Horizon,Features,Model,Accuracy,Daily_IC,ICIR,Long_Return,Long_Sharpe,Long_MaxDD,Short_Return,Short_Sharpe,Short_MaxDD,Long_Return_TPSL,Long_Sharpe_TPSL,Short_Return_TPSL,Short_Sharpe_TPSL
1d,11,LASSO,0.5233324662972567,0.013684172084969843,0.9736070353514654,0.13193483154306956,0.4611678638374624,-0.4200475078523534,-0.012944780086890787,-0.05241052200624018,-0.403332452311273,0.5847467204513654,3.2069990369124723,0.3387995246969052,2.091039785040662
1d,11,Elastic Net,0.5234007782305633,0.013935143319071301,0.9946394417735196,0.12906895147731925,0.45190125839018863,-0.40910547615073617,-0.017458043275991115,-0.0705794369193913,-0.3993558423344624,0.5809906103970742,3.1794465199258783,0.3312467032788543,2.051952448967362
1d,11,Random Forest,0.5182248355915682,0.010732402485755903,1.2510204421241622,-0.032483779469797316,-0.13297969346324603,-0.5087850108089169,-0.07979755309258428,-0.28258936019820685,-0.5128107446445681,0.33841169583691416,2.189156363381093,0.37320128404273556,2.238502895285181
1d,11,XGBoost,0.519853812462724,0.015055771485648429,1.3060595426533168,0.015595717006941729,0.06923215020153312,-0.41568732557164667,-0.041091448102183604,-0.1300409392878696,-0.49044098940754177,0.355307291687484,2.3553827686400988,0.44455331050544566,2.499508351286439
1d,11,Transformer,0.5185808458593772,0.010929821680696929,0.6491567667439916,0.15104553898347042,0.5082614369507056,-0.43252394202523997,0.0418958808049799,0.15571508145383928,-0.5468120213182595,0.6198945243481226,3.1811955667070064,0.30867204146719907,2.050165083459717
1d,11,LASSO Regressor,0.47819667005598954,,0.0,0.1299250927494064,0.5657279901341635,-0.3861012191177298,0.07681502247483096,0.32257259177250885,-0.427487868111607,0.4528911588674315,2.9997442898642634,0.4014548598815191,2.657362119291668
1d,11,Elastic Net Regressor,0.493476210369226,0.013437888122232703,1.0980610712195435,0.15865520205373318,0.5932741507274043,-0.3933682651113779,0.03640196299995798,0.15995607952701474,-0.39487167593344674,0.5438715245479809,3.1976319600837115,0.3517795239973759,2.3477005432389695
1d,11,Random Forest Regressor,0.4997845546718794,0.0023246053958799894,0.2968010024557351,-0.015627495652878992,-0.04714969407177822,-0.568115850720212,-0.014771603489846415,-0.05409242501201527,-0.44150998224985744,0.5016161780157895,2.7427196203355577,0.46465158031002,2.882902204863882
1d,11,XGBoost Regressor,0.4987375429248542,0.00627053277879823,0.754081761199164,0.05740526855183836,0.19291459624720975,-0.4932500833340685,-0.03493520308933409,-0.1339366669553857,-0.406814632786154,0.48325205540255806,2.7118803217159493,0.42043935377454617,2.57409635461974
1d,11,Transformer Regressor,0.48722960954475353,-0.00579217284314033,-0.45843403598972715,0.012516256749295483,0.04645097509086034,-0.47574448750776877,0.023582977492072502,0.10115165141258403,-0.427487868111607,0.4691750550513112,2.748096878913653,0.3081287302224859,2.0658532529559936
1d,50,LASSO,0.5234529998116225,0.019144434844283114,1.4691464483043795,-0.02452448936357392,-0.10098019078877554,-0.4325244025381204,-0.20852422396122247,-0.6881535296740284,-0.7599745329910438,0.3142317068985812,1.949377388621595,0.18178579198575562,1.0158194427354066
1d,50,Elastic Net,0.522776978398043,0.02080853392592373,1.613335023519588,-0.001225552946299978,-0.004989231961929978,-0.4215325333357609,-0.20308631682369002,-0.6800658399317966,-0.7534735730657155,0.33948082534680657,2.07573960171245,0.18651524238313363,1.0609258536359756
1d,50,Random Forest,0.5174863760308993,0.00532262879653232,0.5588727732580678,-0.07190615068371775,-0.2689661891967707,-0.5795468072217265,-0.15547742087146113,-0.6654067566445185,-0.6192076174406329,0.3017880997810888,1.830550291234363,0.1592229191514342,1.0467292141616207
1d,50,XGBoost,0.5203120386588056,0.010510285099556878,0.9529396176499557,-0.04246178829587862,-0.16348077415912224,-0.470921421759294,-0.17464861061889997,-0.6620197925995145,-0.6648208051371798,0.35288395243833476,2.1480253475441953,0.15882303159995242,0.9819363625258726
1d,50,Transformer,0.5221490533696194,0.013881466657609493,1.0609937237689795,0.10526276653072306,0.44122127561666097,-0.36445538574165265,0.06728796256587298,0.20902814567177924,-0.4715268120587255,0.4177263770388356,2.666193976139651,0.5201055108432492,2.767908330999103
1d,50,LASSO Regressor,0.4866712892636844,0.04036110189600039,0.0,0.1276153278376196,0.5536712536404582,-0.3850969873160753,0.07799111190620436,0.32618471360930934,-0.43103171886254016,0.45270128339796634,2.998849355360341,0.4009388310385379,2.649719629373633
1d,50,Elastic Net Regressor,0.4981569732410417,0.00015211063998660522,0.009225065341610264,0.07734060368003924,0.27280506213051237,-0.41341600275197177,0.03964676440432876,0.17636361935867206,-0.43103171886254016,0.5204506247986431,2.808480828951357,0.2986227328843439,2.1324342384893344
1d,50,Random Forest Regressor,0.4988009303978506,0.007754330521304902,0.6841655177828143,0.039647810723284105,0.12345207430329223,-0.49634405119958114,-0.10212967133218029,-0.36504824256184554,-0.5225537221322392,0.568021921027751,3.003386325934824,0.2534879259189879,1.6100595312405714
1d,50,XGBoost Regressor,0.49601267606950994,0.004160622872584401,0.294606034611909,0.05557518309463995,0.18172457494773855,-0.4378527453193121,-0.0337515656775502,-0.11084404258100723,-0.5452343165301352,0.5538153715309059,2.8409535553126517,0.27906215208651625,1.7359743328074493
1d,50,Transformer Regressor,0.4918737149247091,0.0011144901971295986,0.1174628579491811,-0.006147129777182868,-0.024052942565790648,-0.4209096188573203,-0.006650748889307827,-0.027143890974647995,-0.4419480036844945,0.4145160366085103,2.471935413646918,0.28692533829039124,1.943780426848153
1d,80,LASSO,0.5207499083796479,0.021119228832641772,2.0088715623151625,0.04188368888473378,0.160708112858017,-0.4381904849249288,-0.12349424256567723,-0.44573295513997263,-0.622532237622721,0.40704781255118977,2.4629143583215534,0.2642798100763847,1.6096981444000966
1d,80,Elastic Net,0.5209852634127152,0.021681618102653392,2.0003712708846733,0.04631490774555161,0.17983022729778791,-0.4160689181656944,-0.12551988874825964,-0.44380969083940186,-0.6365936361030092,0.40793747933423746,2.459244812090704,0.2598033034626845,1.5742214859521089
1d,80,Random Forest,0.517120397548273,0.01393724102387962,1.318807599155285,0.008482736211557169,0.03569352486037499,-0.35638728609480574,-0.12068605941305516,-0.43661316051978133,-0.5625746753074856,0.36307804467296856,2.287632931671517,0.26687524374392985,1.689656838912193
1d,80,XGBoost,0.5142709205407786,0.013389721190302493,1.1163095881306058,0.05250078822140503,0.20161962403936187,-0.41399828857642845,-0.11276357266415316,-0.4571342647767771,-0.5233510310204129,0.4404954541712994,2.593221418331572,0.23208745836734876,1.5114041720809193
1d,80,Transformer,0.5232766127703641,0.017922592556691704,1.3176063636125803,0.11682980895162033,0.4881897064099915,-0.3536631582195102,0.013294325812280575,0.0377190011038387,-0.6054497378584408,0.4420449705255208,2.656833183895986,0.4897060486692403,2.6348257169814775
1d,80,LASSO Regressor,0.47814728517969357,,0.0,0.1313121897587571,0.5488621877711702,-0.3754930412333048,0.06977878555912782,0.29794710515422174,-0.41944922703098414,0.48628274259553417,3.0862456270000074,0.39517618487649625,2.614876601730142
1d,80,Elastic Net Regressor,0.4949566778628418,0.013045065052332477,1.0621125602785764,0.0961475268325066,0.3681816489030387,-0.4081178464518668,0.008209621773019584,0.029905202940550372,-0.3850788704066055,0.5066523653896685,2.9831628296902335,0.3164582128864369,1.9702036859709755
1d,80,Random Forest Regressor,0.49563080192184195,0.008902096626509027,0.8309771935628399,0.06693719325565943,0.20075014784691117,-0.5238463723410167,-0.0700502791690781,-0.24533008443126894,-0.5257995683120591,0.6421928879012441,3.4423216594801747,0.29498849184739495,1.8587588924310554
1d,80,XGBoost Regressor,0.4939328834689987,0.009355328536830144,0.8113922585121248,0.09746148336285275,0.3095359351717118,-0.5014638710461963,-0.058276971983982455,-0.2234627951258122,-0.4603509645532519,0.6307721573754431,3.348148267847421,0.266460710396512,1.7997875738093039
1d,80,Transformer Regressor,0.5113861402783242,0.006706981163603585,0.7775561322751079,0.000316100709914576,0.0013423961442435494,-0.4287080337367305,-0.03937561394301193,-0.14887223402572192,-0.4378813733529868,0.35610751298080934,2.3336324480853112,0.3599645197422212,2.1573679459032182
21d,11,LASSO,0.49609765538966716,0.008561402467335959,0.6349275484339685,0.17750222245591488,0.571570208555068,-0.41943641746731425,-0.019219508294488218,-0.10648774242373128,-0.3463293564925692,0.6748831446124149,3.5600394674826443,0.2027413792635047,1.6118466297374145
21d,11,Elastic Net,0.49567585244905993,0.008459070762642537,0.6330689837086968,0.16549634016476641,0.5353049048996401,-0.4199445727756672,-0.014635135007156177,-0.08067713000039684,-0.34531312833417555,0.6645141597583032,3.509704478580029,0.2055972802244018,1.6223120543759737
21d,11,Random Forest,0.48173900275640213,0.013412117546012927,1.3194594253331284,0.06692215691653693,0.274687018863309,-0.4008904030634436,0.027197251697895938,0.09304416310939363,-0.46015895147747365,0.37254136309088215,2.3683181858046636,0.5463497400958635,3.1305411506468763
21d,11,XGBoost,0.4803854958520486,0.012046409924412683,1.1404439763312546,0.08538677395819898,0.37053847528145706,-0.3858736956541929,0.04656284113453675,0.1599940862212227,-0.4637635777844056,0.39917892895846385,2.5369267528070996,0.5590593362326489,3.1839900419562066
21d,11,Transformer,0.4825105283882723,0.013680959321626893,0.9649982802235936,0.12750495469390766,0.6309505372756318,-0.3180297964969574,0.0995798176840536,0.34422285590473434,-0.46377625439497555,0.3596360847899853,2.5022064199394736,0.5600533169926893,3.139802006871983
21d,11,LASSO Regressor,0.47830451235709087,0.0039047582719696954,0.27277696068048796,0.1811174760020478,0.5695344137561266,-0.5009108693057517,0.03825005041183546,0.19013448359271917,-0.33606147459824376,0.6506952784515606,3.621080133505501,0.2962908634059538,2.1400598535079687
21d,11,Elastic Net Regressor,0.47806958413700584,0.002739674350180936,0.18344039810465798,0.17140372243196805,0.5314818746430066,-0.5028540197929857,0.054762004449255636,0.26927277111145775,-0.338860911841837,0.6317282274185868,3.417567217203319,0.3137872682567748,2.242303677498454
21d,11,Random Forest Regressor,0.4807739283068483,0.0030248676262723912,0.2914771397979184,0.06964282901447748,0.1974173883949115,-0.6080611696198863,0.03723893490413857,0.14264754372319913,-0.3907999839172398,0.5909060477749825,3.1086822329589046,0.46205255423452946,2.7550694750174642
21d,11,XGBoost Regressor,0.47751563407260084,0.003306821216559189,0.26460473521723127,0.09334178290513805,0.2619681477344388,-0.6202032978541584,0.04612026806692989,0.20075450223488078,-0.3451655880072602,0.6085447519696309,3.159049417025795,0.40167362940115015,2.6139792130784207
21d,11,Transformer Regressor,0.4826413406926378,-0.0011587750853047614,-0.07965502414613759,0.11270672535380903,0.3625321660755998,-0.5339327236332322,0.08498422343624333,0.41405819158805696,-0.3314072627273743,0.5628262221907011,3.0743404749290186,0.36324944866304726,2.58133125027124
21d,50,LASSO,0.48038651382772496,0.017949540694447465,1.3546872896467723,0.1361009375108741,0.6237355770902916,-0.3252101904511909,0.029567623719240686,0.08456954219108596,-0.5897102147361349,0.4151485700699984,2.712908852488233,0.5254493882650388,2.858105109308703
21d,50,Elastic Net,0.4808630042517607,0.017687132482190712,1.365432758072309,0.13396887917321873,0.6134076030552025,-0.3291727033653283,0.023594244100843605,0.06814024945317357,-0.5888266445583016,0.4120323016490726,2.6979825608942836,0.5172253766986014,2.8394132718220093
21d,50,Random Forest,0.4936291465527072,0.011465240459903128,1.0317326111052862,0.026708109174696824,0.10987764114406207,-0.45201409015542576,-0.06703152399859681,-0.2318320691747582,-0.5057693254882607,0.33750917392587315,2.094248490137875,0.3232545714075372,2.026367927309007
21d,50,XGBoost,0.49396309710630487,0.010565283138293743,0.941852975982288,0.09323305372730857,0.398297347363183,-0.33016732503432106,-0.025443265058054,-0.0825279822726385,-0.5415528201247961,0.40314260748948183,2.486556774522801,0.3677420154283617,2.31913308164034
21d,50,Transformer,0.4807706927166199,0.017231772764584544,1.4493710023773596,0.14527181761142716,0.6727781369729188,-0.3674399193224762,0.03927905591953143,0.1278839579165814,-0.4543226479764435,0.40694469174971737,2.7293457080214334,0.48727052132699566,2.798821242847639
21d,50,LASSO Regressor,0.47908464967772413,0.0065549657917321515,0.4797490239423314,0.18277057521115742,0.6416215339629244,-0.42055875926778535,0.017928870352205816,0.07866393418356926,-0.3430737038087183,0.5903287245146654,3.2999004071510405,0.29133833792602515,2.0239546117556277
21d,50,Elastic Net Regressor,0.4782918564935735,0.008674392683166825,0.6472701217659618,0.1716795167611438,0.6074237297006327,-0.40001811198805043,0.00918089780321518,0.039602074420042245,-0.3614582284112583,0.5826119993914041,3.2741213678312406,0.28995486687034605,1.9932822985925287
21d,50,Random Forest Regressor,0.4924250240281496,0.012717837978963855,1.0480753046233626,0.1102409754787393,0.357463795931507,-0.4908345918513813,-0.08551365353368959,-0.29436334012541376,-0.5159412045569961,0.5688539913987992,3.1049299737911253,0.29565671881076805,1.8418584599690409
21d,50,XGBoost Regressor,0.48545007303471455,0.004833999296946736,0.37050896662929195,0.15124226383969336,0.5325694378763186,-0.3570901829842221,-0.0033259890893183,-0.011241587539255875,-0.5292128527135124,0.5692175377974059,3.1468327766684965,0.31826180013849925,2.025960609459225
21d,50,Transformer Regressor,0.47722755879430273,0.005645972264927032,0.4266988295964814,0.10534947939290198,0.3656304042606065,-0.4074948899062594,-0.04192470225459337,-0.200749783676554,-0.4202654110822546,0.5379283572797083,2.9335191288073683,0.21524470268292162,1.5519560207410676
21d,80,LASSO,0.48128053572038676,0.021864079259750004,1.668140378837271,0.14313779731311352,0.6396321641143777,-0.30674101923164715,-0.0226790436687838,-0.06453098377450335,-0.6204278702777403,0.4279095593983094,2.731637271508646,0.5029435731538301,2.7636941315493613
21d,80,Elastic Net,0.48547097611807716,0.01869098702937204,1.684197319745018,0.10115163839688984,0.4466835781581702,-0.3795230621868598,-0.0225442942922615,-0.07229242547514522,-0.5097782610143354,0.37883617156954147,2.4619246475139787,0.46371033861627514,2.700861436071433
21d,80,Random Forest,0.493554614096826,0.017491454462831908,1.8031515236531757,0.13164310150193628,0.5435979671478121,-0.3393922172817492,-0.039727140444988984,-0.12475973841826862,-0.5721195526916687,0.4401059854726403,2.6311308882129207,0.3766916683338241,2.2664051634957723
21d,80,XGBoost,0.4931634152174656,0.016223471988708844,1.6699685568573615,0.11517281036307608,0.4949792964794975,-0.33350779051477014,-0.011584049146434482,-0.038268464151621384,-0.4725231906321743,0.4328345751179072,2.6246037202219923,0.449010791021237,2.6688862630305503
21d,80,Transformer,0.4830605760360791,0.0237870245537353,1.6758172264586886,0.18145153658617028,0.7651274828952938,-0.33477996526119536,0.040219154791285606,0.11258576494867649,-0.5536872325864833,0.4760641062446134,2.9040482527166613,0.5696892248681646,2.9441746726471103
21d,80,LASSO Regressor,0.47683555980730463,-0.002504083775787063,-0.2424065800000946,0.1250601461925223,0.5075061502518894,-0.3754679419048916,0.0881671853241112,0.3802732534502429,-0.4194019920208771,0.5145446632701749,3.1857488227454263,0.39531799225132674,2.6599789830814466
21d,80,Elastic Net Regressor,0.47683555980730463,0.020842315226753994,2.057252994470052,0.15368746506578804,0.635474233322691,-0.3617564009162813,0.07326755620132006,0.26659908596504733,-0.4693756635658855,0.503954011598678,3.1873745894394756,0.4255029426553143,2.639552596637574
21d,80,Random Forest Regressor,0.4923741842905463,0.011196385489385003,0.9807645394423198,0.1627663007639908,0.5617654141328652,-0.41117083184915404,-0.003932796930712909,-0.013349380631398853,-0.4881128289200324,0.6224494700243426,3.3912208737201435,0.37062706023900205,2.2152896396290687
21d,80,XGBoost Regressor,0.4910895486692405,0.011753203565440329,1.1456083166995075,0.1845874881052444,0.629007955461974,-0.37066384339672265,-0.06795009600820143,-0.24641305950186754,-0.4819078549430578,0.6643134819285326,3.5356623124375224,0.32160417421809867,2.0726487747209896
21d,80,Transformer Regressor,0.4768492261437015,0.009719310484926583,1.1979432572420132,0.09238340588516125,0.38438471814353425,-0.37172402075164274,0.024994855912194344,0.10472172412390728,-0.39436330622647725,0.44388331686382887,2.813500387690188,0.3967836794865932,2.536141781285063
